id,observed_on_string,observed_on,time_observed_at,time_zone,user_id,user_login,user_name,created_at,updated_at,quality_grade,license,url,image_url,sound_url,tag_list,description,num_identification_agreements,num_identification_disagreements,captive_cultivated,oauth_application_id,place_guess,latitude,longitude,positional_accuracy,private_place_guess,private_latitude,private_longitude,public_positional_accuracy,geoprivacy,taxon_geoprivacy,coordinates_obscured,positioning_method,positioning_device,place_town_name,place_county_name,place_state_name,place_country_name,place_admin1_name,place_admin2_name,species_guess,scientific_name,common_name,iconic_taxon_name,taxon_id,taxon_kingdom_name,taxon_phylum_name,taxon_subphylum_name,taxon_superclass_name,taxon_class_name,taxon_subclass_name,taxon_superorder_name,taxon_order_name,taxon_suborder_name,taxon_superfamily_name,taxon_family_name,taxon_subfamily_name,taxon_supertribe_name,taxon_tribe_name,taxon_subtribe_name,taxon_genus_name,taxon_genushybrid_name,taxon_species_name,taxon_hybrid_name,taxon_subspecies_name,taxon_variety_name,taxon_form_name
4045,2009-12-23,2009-12-23,,Pacific Time (US & Canada),308,triplep220,"",2010-01-04 03:00:11 UTC,2020-06-28 00:02:44 UTC,research,,http://www.inaturalist.org/observations/4045,https://static.inaturalist.org/photos/7919/medium.jpg,,"",I did not expect to see cactus in Hawaii.,2,0,false,,"Koko Head, Oahu",21.2829761505,-157.682220459,,,,,,,open,false,,,,Honolulu,Hawaii,United States,Hawaii,Honolulu,Mission Prickly-pear,Opuntia ficus-indica,Indian fig opuntia,Plantae,64119,Plantae,Tracheophyta,Angiospermae,,Magnoliopsida,,,Caryophyllales,,,Cactaceae,Opuntioideae,,Opuntieae,,Opuntia,,Opuntia ficus-indica,,,,
4077,2009-12-25,2009-12-25,,Pacific Time (US & Canada),308,triplep220,"",2010-01-04 07:45:18 UTC,2021-05-13 17:43:36 UTC,research,,http://www.inaturalist.org/observations/4077,https://static.inaturalist.org/photos/8111/medium.jpg,,"",Some kind of cactus? Stopped my mountain bike to take a picture.,5,0,false,,"Mother Miguel Mountain, Chula Vista, CA",32.6847763062,-116.9639129639,,,,,,,open,false,,,,San Diego,California,United States,California,San Diego,Coast Cholla,Cylindropuntia prolifera,Coast Cholla,Plantae,76567,Plantae,Tracheophyta,Angiospermae,,Magnoliopsida,,,Caryophyllales,,,Cactaceae,Opuntioideae,,Cylindropuntieae,,Cylindropuntia,,Cylindropuntia prolifera,,,,
6263,2010-03-26,2010-03-26,,Pacific Time (US & Canada),382,tsoleau,"",2010-03-27 20:19:42 UTC,2023-09-17 20:46:38 UTC,research,,http://www.inaturalist.org/observations/6263,https://inaturalist-open-data.s3.amazonaws.com/photos/12572/medium.jpg,,"","",2,0,false,,"Anza-Borrego Desert State Park, CA, US  ",33.3272018433,-116.3990097046,,,,,,,open,false,,,,San Diego,California,United States,California,San Diego,beavertail cactus,Opuntia basilaris basilaris,beavertail cactus,Plantae,81156,Plantae,Tracheophyta,Angiospermae,,Magnoliopsida,,,Caryophyllales,,,Cactaceae,Opuntioideae,,Opuntieae,,Opuntia,,Opuntia basilaris,,,Opuntia basilaris basilaris,
6272,2010-03-26,2010-03-26,,Pacific Time (US & Canada),382,tsoleau,"",2010-03-27 21:03:55 UTC,2021-05-28 20:16:03 UTC,research,,http://www.inaturalist.org/observations/6272,https://inaturalist-open-data.s3.amazonaws.com/photos/12585/medium.jpg,,"",Or maybe it's a teddy bear cholla?,2,0,false,,"Anza-Borrego Desert State Park, CA, US  ",33.3279533386,-116.399307251,,,,,,,open,false,,,,San Diego,California,United States,California,San Diego,Silver cholla (Cylindropuntia echinocarpa),Cylindropuntia echinocarpa,Silver Cholla,Plantae,49357,Plantae,Tracheophyta,Angiospermae,,Magnoliopsida,,,Caryophyllales,,,Cactaceae,Opuntioideae,,Cylindropuntieae,,Cylindropuntia,,Cylindropuntia echinocarpa,,,,
6593,"April 11, 2010 15:30",2010-04-11,2010-04-11 22:30:00 UTC,Pacific Time (US & Canada),1,kueda,Ken-ichi Ueda,2010-04-19 06:57:57 UTC,2023-09-24 00:56:18 UTC,research,CC0,http://www.inaturalist.org/observations/6593,https://inaturalist-open-data.s3.amazonaws.com/photos/13462/medium.jpg,,"","",3,0,false,,"Death Valley National Park, CA, USA",35.9079208374,-116.636138916,,,,,,,open,false,,,,Inyo,California,United States,California,Inyo,beavertail cactus,Opuntia basilaris basilaris,beavertail cactus,Plantae,81156,Plantae,Tracheophyta,Angiospermae,,Magnoliopsida,,,Caryophyllales,,,Cactaceae,Opuntioideae,,Opuntieae,,Opuntia,,Opuntia basilaris,,,Opuntia basilaris basilaris,
7390,2010-05-21,2010-05-21,,Pacific Time (US & Canada),354,folini,Franco Folini,2010-06-02 04:33:58 UTC,2019-01-01 12:00:15 UTC,research,CC-BY,http://www.inaturalist.org/observations/7390,https://inaturalist-open-data.s3.amazonaws.com/photos/35815/medium.jpg,,"","",2,0,false,,"Sondrio, Italy",46.1724624634,9.8740053177,,,,,,,,false,,,,,,Italy,Lombardia,Sondrio,eastern prickly pear,Opuntia humifusa,low pricklypear,Plantae,47894,Plantae,Tracheophyta,Angiospermae,,Magnoliopsida,,,Caryophyllales,,,Cactaceae,Opuntioideae,,Opuntieae,,Opuntia,,Opuntia humifusa,,,,
7924,"July 23, 2010 16:54",2010-07-23,2010-07-23 23:54:00 UTC,Pacific Time (US & Canada),449,grossereisvogel,"",2010-07-27 23:05:13 UTC,2014-10-20 03:14:53 UTC,casual,,http://www.inaturalist.org/observations/7924,,,"","Kittitas County (Washington State, USA) 23 July 2010. 

Conservation status: Under Review.

Sources for identification: Flora of the Pacific Northwest (Hitchcock and Cronquist, 6th Edition, 1987, p.301), the University of Washington Burke Herbarium ( <a href=""http://biology.burke.washington.edu/herbarium/imagecollection.php?Genus=Opuntia&amp;Species=fragilis"" rel=""nofollow"">biology.burke.washington.edu/herbarium/imagecollection.ph...</a> ) and Washington Flora Checklist  ( <a href=""http://biology.burke.washington.edu/herbarium/waflora/checklist.php?Taxon=Opuntia"" rel=""nofollow"">biology.burke.washington.edu/herbarium/waflora/checklist....</a> fragilis ) .

Species distribution for the United States and Canada is available at  <a href=""http://plants.usda.gov/java/nameSearch?keywordquery=Opuntia"" rel=""nofollow"">plants.usda.gov/java/nameSearch?keywordquery=Opuntia</a> fragilis&amp;mode=sciname . O. fragilis taxonomy is verified at the Integrated Taxonomy Information Service ( <a href=""http://www.itis.gov/servlet/SingleRpt/SingleRpt?search_topic=TSN&amp;search_value=19707"" rel=""nofollow"">www.itis.gov/servlet/SingleRpt/SingleRpt?search_topic=TSN...</a> )

Common names: Brittle Cactus, Brittle Pricklypear,  Fragile Cactus, Jumping Cactus,  Little Pricklypear, Little Pricklypear Cactus.",1,0,false,,"Kittitas County,Washington, United States",47.0939674377,-120.479850769,,,,,,,open,false,,,,Kittitas,Washington,United States,Washington,Kittitas,Opuntia fragilis,Opuntia fragilis,Brittle Pricklypear,Plantae,62474,Plantae,Tracheophyta,Angiospermae,,Magnoliopsida,,,Caryophyllales,,,Cactaceae,Opuntioideae,,Opuntieae,,Opuntia,,Opuntia fragilis,,,,
8267,"",,,Mexico City,320,dolma33,Dolma Alonso,2010-09-12 23:06:25 UTC,2022-01-26 15:40:19 UTC,casual,CC-BY-NC-SA,http://www.inaturalist.org/observations/8267,,,"","",0,0,false,,"GalÃ¡pagos, Santa Cruz",,,,,,,,,open,false,,,,,,,,,Hylocereus undatus,Selenicereus undatus,Night-blooming Cereus,Plantae,1038928,Plantae,Tracheophyta,Angiospermae,,Magnoliopsida,,,Caryophyllales,,,Cactaceae,Cactoideae,,Hylocereeae,,Selenicereus,,Selenicereus undatus,,,,
8274,"",,,Mexico City,320,dolma33,Dolma Alonso,2010-09-12 23:06:27 UTC,2022-01-26 15:40:19 UTC,casual,CC-BY-NC-SA,http://www.inaturalist.org/observations/8274,,,"","",0,0,false,,"GalÃ¡pagos, Santa Cruz",,,,,,,,,,false,,,,,,,,,Jasminocereus thouarsii,Jasminocereus thouarsii,candelabra cactus,Plantae,62931,Plantae,Tracheophyta,Angiospermae,,Magnoliopsida,,,Caryophyllales,,,Cactaceae,Cactoideae,,Phyllocacteae,,Jasminocereus,,Jasminocereus thouarsii,,,,
8279,"",,,Mexico City,320,dolma33,Dolma Alonso,2010-09-12 23:06:28 UTC,2022-01-26 15:40:19 UTC,casual,CC-BY-NC-SA,http://www.inaturalist.org/observations/8279,,,"","",0,0,false,,"GalÃ¡pagos, Santa Cruz",,,,,,,,,open,false,,,,,,,,,Opuntia echios,Opuntia galapageia,Galápagos Pricklypear,Plantae,207737,Plantae,Tracheophyta,Angiospermae,,Magnoliopsida,,,Caryophyllales,,,Cactaceae,Opuntioideae,,Opuntieae,,Opuntia,,Opuntia galapageia,,,,
