id,observed_on_string,observed_on,time_observed_at,time_zone,user_id,user_login,user_name,created_at,updated_at,quality_grade,license,url,image_url,sound_url,tag_list,description,num_identification_agreements,num_identification_disagreements,captive_cultivated,oauth_application_id,place_guess,latitude,longitude,positional_accuracy,private_place_guess,private_latitude,private_longitude,public_positional_accuracy,geoprivacy,taxon_geoprivacy,coordinates_obscured,positioning_method,positioning_device,place_town_name,place_county_name,place_state_name,place_country_name,place_admin1_name,place_admin2_name,species_guess,scientific_name,common_name,iconic_taxon_name,taxon_id,taxon_kingdom_name,taxon_phylum_name,taxon_subphylum_name,taxon_superclass_name,taxon_class_name,taxon_subclass_name,taxon_superorder_name,taxon_order_name,taxon_suborder_name,taxon_superfamily_name,taxon_family_name,taxon_subfamily_name,taxon_supertribe_name,taxon_tribe_name,taxon_subtribe_name,taxon_genus_name,taxon_genushybrid_name,taxon_species_name,taxon_hybrid_name,taxon_subspecies_name,taxon_variety_name,taxon_form_name
1183,2008-11-22,2008-11-22,,Santiago,106,smcgregor08,"",2009-01-11 04:10:13 UTC,2023-09-20 15:51:39 UTC,research,,http://www.inaturalist.org/observations/1183,https://static.inaturalist.org/photos/1319/medium.jpg,,"",My Grandma tells me this cactus blooms only at night with white flowers.,8,1,false,,"Cajon Del Maipo, Chile",-33.6992073059,-70.3248596191,,,,,,,,false,,,,,,Chile,Región Metropolitana de Santiago,Cordillera,quisco,Trichocereus chiloensis,Quisco,Plantae,861978,Plantae,Tracheophyta,Angiospermae,,Magnoliopsida,,,Caryophyllales,,,Cactaceae,Cactoideae,,Trichocereeae,,Trichocereus,,Trichocereus chiloensis,,,,
1272,2009-01-03,2009-01-03,,UTC,170,tgaw,"",2009-01-21 00:28:01 UTC,2014-10-20 03:07:07 UTC,casual,,http://www.inaturalist.org/observations/1272,https://static.inaturalist.org/photos/1494/medium.jpg,,"turkscapcactus, compasscactus, cactus, melocactusazureus","Okay-- not entirely sure on this one.  The Turk's Cap Cactus (also known as Compass Cactus because it tends to face South) does grow on the Virgin Islands.

I saw this guy walking on a gravel road near White Bay and Beach on Peter Island.",2,0,false,,"Peter Island, British Virgin Islands",,,,,,,,,,false,,,,,,,,,Melocactus,Melocactus,Turk's Cap Cactuses,Plantae,49197,Plantae,Tracheophyta,Angiospermae,,Magnoliopsida,,,Caryophyllales,,,Cactaceae,Cactoideae,,Cereeae,,Melocactus,,,,,,
1376,"March 29, 2007 17:35",2007-03-29,2007-03-30 00:35:00 UTC,Pacific Time (US & Canada),1,kueda,Ken-ichi Ueda,2009-01-28 06:54:30 UTC,2023-06-21 05:46:49 UTC,research,CC0,http://www.inaturalist.org/observations/1376,https://inaturalist-open-data.s3.amazonaws.com/photos/1626/medium.jpg,,"","",5,0,false,,"Anza-Borrego Desert State Park, California, USA",33.0480766296,-116.3016586304,,,,,,,open,false,,,,San Diego,California,United States,California,San Diego,Teddy Bear Cholla,Cylindropuntia bigelovii,Teddybear Cholla,Plantae,49351,Plantae,Tracheophyta,Angiospermae,,Magnoliopsida,,,Caryophyllales,,,Cactaceae,Opuntioideae,,Cylindropuntieae,,Cylindropuntia,,Cylindropuntia bigelovii,,,,
1839,"March 07, 2009 09:17",2009-03-07,2009-03-07 17:17:00 UTC,Pacific Time (US & Canada),1,kueda,Ken-ichi Ueda,2009-03-11 06:54:57 UTC,2023-09-20 16:07:22 UTC,research,CC0,http://www.inaturalist.org/observations/1839,https://inaturalist-open-data.s3.amazonaws.com/photos/2248/medium.jpg,,"",Pretty sure I have the ID right here.,4,0,false,,"Joshua Tree National Park, California, USA",33.729927063,-115.7979049683,,,,,,,open,false,,,,Riverside,California,United States,California,Riverside,diamond cholla,Cylindropuntia ramosissima,Branched Pencil Cholla,Plantae,68416,Plantae,Tracheophyta,Angiospermae,,Magnoliopsida,,,Caryophyllales,,,Cactaceae,Opuntioideae,,Cylindropuntieae,,Cylindropuntia,,Cylindropuntia ramosissima,,,,
2735,2009-05-19,2009-05-19,,Eastern Time (US & Canada),169,flapack,"",2009-05-26 01:05:31 UTC,2020-05-30 23:27:56 UTC,research,CC-BY-NC,http://www.inaturalist.org/observations/2735,https://inaturalist-open-data.s3.amazonaws.com/photos/3771/medium.jpg,,"",I don't know why it seems wierd to see prickly pears on east coast beaches.  ,2,0,false,,Canaveral National Seashore,28.8851051331,-80.7939758301,,,,,,,,false,,,,Volusia,Florida,United States,Florida,Volusia,eastern prickly pear,Opuntia humifusa,low pricklypear,Plantae,47894,Plantae,Tracheophyta,Angiospermae,,Magnoliopsida,,,Caryophyllales,,,Cactaceae,Opuntioideae,,Opuntieae,,Opuntia,,Opuntia humifusa,,,,
3762,2009-11-27,2009-11-27,,Pacific Time (US & Canada),308,triplep220,"",2009-12-01 07:56:16 UTC,2022-04-04 03:20:19 UTC,research,,http://www.inaturalist.org/observations/3762,https://static.inaturalist.org/photos/7003/medium.jpg,,"",Very fun to see these in person.,7,0,false,,Along the Perl Charles Trail to Squaw Peak. ,33.5725822449,-112.0118637085,,,,,,,open,false,,,,Maricopa,Arizona,United States,Arizona,Maricopa,saguaro,Carnegiea gigantea,saguaro,Plantae,54449,Plantae,Tracheophyta,Angiospermae,,Magnoliopsida,,,Caryophyllales,,,Cactaceae,Cactoideae,,Pachycereae,,Carnegiea,,Carnegiea gigantea,,,,
3763,2009-11-27,2009-11-27,,Pacific Time (US & Canada),308,triplep220,"",2009-12-01 08:03:34 UTC,2019-08-15 15:57:44 UTC,casual,,http://www.inaturalist.org/observations/3763,https://static.inaturalist.org/photos/7004/medium.jpg,,"",Spotted this at the beginning of the hike. I liked the reddish-purple color.,4,0,true,,"Maricopa County, US-AZ, US",33.5492625537,-112.0502415813,,,,,28957,,obscured,true,,,,Maricopa,Arizona,United States,Arizona,Maricopa,Prickly pears,Opuntia,Prickly Pears,Plantae,47902,Plantae,Tracheophyta,Angiospermae,,Magnoliopsida,,,Caryophyllales,,,Cactaceae,Opuntioideae,,Opuntieae,,Opuntia,,,,,,
3764,2009-11-27,2009-11-27,,Pacific Time (US & Canada),308,triplep220,"",2009-12-01 08:06:41 UTC,2019-08-24 12:18:36 UTC,casual,,http://www.inaturalist.org/observations/3764,https://static.inaturalist.org/photos/7005/medium.jpg,,"",Lots of these around. I took a picture of one of the smaller ones.,2,0,false,,Along the Perl Charles Trail to Squaw Peak. ,33.5725822449,-112.0118637085,,,,,,,open,false,,,,Maricopa,Arizona,United States,Arizona,Maricopa,Ferocactus cylindraceus,Ferocactus cylindraceus,California Barrel Cactus,Plantae,54453,Plantae,Tracheophyta,Angiospermae,,Magnoliopsida,,,Caryophyllales,,,Cactaceae,Cactoideae,,Cacteae,,Ferocactus,,Ferocactus cylindraceus,,,,
3768,2009-11-28,2009-11-28,,Pacific Time (US & Canada),307,vaudesir,"",2009-12-02 04:57:01 UTC,2022-10-06 12:03:28 UTC,casual,,http://www.inaturalist.org/observations/3768,,,"","Saw this cute little cactus between a few big volcanic rocks, in the northern part of the park, in the petroglyphs area.",0,0,false,,Mojave National Preserve,35.3467941284,-115.7316970825,,,,,,,,false,,,,San Bernardino,California,United States,California,San Bernardino,Blooming cactus,Cactaceae,cactus family,Plantae,47903,Plantae,Tracheophyta,Angiospermae,,Magnoliopsida,,,Caryophyllales,,,Cactaceae,,,,,,,,,,,
3920,2009-12-14,2009-12-14,,Mexico City,320,dolma33,Dolma Alonso,2009-12-19 18:22:42 UTC,2023-03-29 13:23:50 UTC,research,CC-BY-NC-SA,http://www.inaturalist.org/observations/3920,https://inaturalist-open-data.s3.amazonaws.com/photos/8200/medium.jpg,,galapagos,"",2,0,false,,"Ave Charles Darwin, Puerto Ayora, Ecuador",-0.7423955702,-90.3031710908,66,,,,66,,open,false,gps,gps,,,,Ecuador,Galápagos,Santa Cruz,Galápagos prickly pear,Opuntia galapageia,Galápagos Pricklypear,Plantae,207737,Plantae,Tracheophyta,Angiospermae,,Magnoliopsida,,,Caryophyllales,,,Cactaceae,Opuntioideae,,Opuntieae,,Opuntia,,Opuntia galapageia,,,,
