id,observed_on_string,observed_on,time_observed_at,time_zone,user_id,user_login,user_name,created_at,updated_at,quality_grade,license,url,image_url,sound_url,tag_list,description,num_identification_agreements,num_identification_disagreements,captive_cultivated,oauth_application_id,place_guess,latitude,longitude,positional_accuracy,private_place_guess,private_latitude,private_longitude,public_positional_accuracy,geoprivacy,taxon_geoprivacy,coordinates_obscured,positioning_method,positioning_device,place_town_name,place_county_name,place_state_name,place_country_name,place_admin1_name,place_admin2_name,species_guess,scientific_name,common_name,iconic_taxon_name,taxon_id,taxon_kingdom_name,taxon_phylum_name,taxon_subphylum_name,taxon_superclass_name,taxon_class_name,taxon_subclass_name,taxon_superorder_name,taxon_order_name,taxon_suborder_name,taxon_superfamily_name,taxon_family_name,taxon_subfamily_name,taxon_supertribe_name,taxon_tribe_name,taxon_subtribe_name,taxon_genus_name,taxon_genushybrid_name,taxon_species_name,taxon_hybrid_name,taxon_subspecies_name,taxon_variety_name,taxon_form_name
10851,"",,,Pacific Time (US & Canada),562,monmall,"",2011-02-03 03:03:23 UTC,2021-09-22 01:03:37 UTC,casual,,http://www.inaturalist.org/observations/10851,,,"","",0,0,true,,"California, US",37.5070586577,-122.3156411679,,,,,28388,,obscured,true,,,,San Mateo,California,United States,California,San Mateo,Peanut Cactus,Echinopsis albispinosa,,Plantae,63211,Plantae,Tracheophyta,Angiospermae,,Magnoliopsida,,,Caryophyllales,,,Cactaceae,Cactoideae,,Trichocereeae,,Echinopsis,,Echinopsis albispinosa,,,,
11176,"February 10, 2011 5:30:23 PM PST",2011-02-10,2011-02-11 01:30:23 UTC,Pacific Time (US & Canada),477,loarie,Scott Loarie,2011-02-11 02:22:27 UTC,2021-10-05 06:08:20 UTC,casual,CC0,http://www.inaturalist.org/observations/11176,https://inaturalist-open-data.s3.amazonaws.com/photos/22872/medium.jpg,,"","",1,0,true,,"100-174 States St, San Francisco, CA 94114, USA",37.7635917664,-122.4381484985,,,,,,,,false,,,,San Francisco,California,United States,California,San Francisco,Genus Opuntia,Opuntia,Prickly Pears,Plantae,47902,Plantae,Tracheophyta,Angiospermae,,Magnoliopsida,,,Caryophyllales,,,Cactaceae,Opuntioideae,,Opuntieae,,Opuntia,,,,,,
11207,2009-10-03,2009-10-03,,Rome,584,grey-pearl,"",2011-02-11 14:36:17 UTC,2023-07-30 21:26:31 UTC,casual,,http://www.inaturalist.org/observations/11207,https://static.inaturalist.org/photos/22924/medium.jpg,,fig tree of India,"Opuntia ficus-indica

Scientific classification
Kingdom:	Plantae
Division:	Magnoliophyta
Class:	Magnoliopsida
Order:	Caryophyllales
Family:	Cactaceae
Subfamily:	Opuntioideae
Tribe:	Opuntieae
Kind:	Opuntia
Kind:	O. ficus-points out
Binomial nomenclature
Opuntia ficus-points out
(L.) Mill., 1768
",3,0,false,,Puglia-Italy,41.5085772974,15.46875,,,,,,,open,false,,,,,,Italy,Apulia,Foggia,opunzie,Opuntia,Prickly Pears,Plantae,47902,Plantae,Tracheophyta,Angiospermae,,Magnoliopsida,,,Caryophyllales,,,Cactaceae,Opuntioideae,,Opuntieae,,Opuntia,,,,,,
12082,"",,,Pacific Time (US & Canada),744,kevinkevinkevin,"",2011-03-05 16:03:12 UTC,2014-03-13 03:24:46 UTC,casual,,http://www.inaturalist.org/observations/12082,https://static.inaturalist.org/photos/24178/medium.JPG,,"","",0,0,false,,94566,,,,,,,,,,false,,,,,,,,,Prickly Pear (Opuntia humifusa),Opuntia humifusa,low pricklypear,Plantae,47894,Plantae,Tracheophyta,Angiospermae,,Magnoliopsida,,,Caryophyllales,,,Cactaceae,Opuntioideae,,Opuntieae,,Opuntia,,Opuntia humifusa,,,,
12298,"March 6, 2011 10:43:21 AM PST",2011-03-06,2011-03-06 18:43:21 UTC,Pacific Time (US & Canada),623,ruskin,"",2011-03-06 18:45:16 UTC,2022-03-04 08:11:06 UTC,research,,http://www.inaturalist.org/observations/12298,https://static.inaturalist.org/photos/24336/medium.jpg,,"",They don't grow arms until they hit 75. ,6,0,false,,"6050 N 44th St, Paradise Valley, AZ 85253, USA",33.52526474,-111.9854888916,,,,,,,open,false,,,,Maricopa,Arizona,United States,Arizona,Maricopa,saguaro,Carnegiea gigantea,saguaro,Plantae,54449,Plantae,Tracheophyta,Angiospermae,,Magnoliopsida,,,Caryophyllales,,,Cactaceae,Cactoideae,,Pachycereae,,Carnegiea,,Carnegiea gigantea,,,,
12654,2004-04-09,2004-04-09,,Pacific Time (US & Canada),671,pjwbotany,Peter Warner,2011-03-11 02:14:42 UTC,2022-11-27 18:59:44 UTC,research,CC-BY,http://www.inaturalist.org/observations/12654,https://static.inaturalist.org/photos/24911/medium.JPG,,"Echinocereus mojavensis, Mojave","",6,0,false,, Mojave National Preserve,34.9487093166,-115.6256103516,,,,,,,open,false,,,,San Bernardino,California,United States,California,San Bernardino,Mojave Kingcup Cactus,Echinocereus triglochidiatus mojavensis,Mojave Kingcup Cactus,Plantae,858352,Plantae,Tracheophyta,Angiospermae,,Magnoliopsida,,,Caryophyllales,,,Cactaceae,Cactoideae,,Pachycereae,,Echinocereus,,Echinocereus triglochidiatus,,Echinocereus triglochidiatus mojavensis,,
12655,2005-03-24,2005-03-24,,Pacific Time (US & Canada),671,pjwbotany,Peter Warner,2011-03-11 02:20:22 UTC,2022-01-19 07:27:33 UTC,research,CC-BY,http://www.inaturalist.org/observations/12655,https://static.inaturalist.org/photos/24913/medium.JPG,,"Mammilaria dioica, strawberry cactus, Cactaceae, Anza Borrego, Mountain Palms","strawberry cactus; at Mountain Palms area, along trail between palm oases",6,0,false,,Anza Borrego State Park,32.8612404679,-116.2248373032,,,,,,,open,false,,,,San Diego,California,United States,California,San Diego,Mammillaria dioica dioica,Mammillaria dioica dioica,,Plantae,314322,Plantae,Tracheophyta,Angiospermae,,Magnoliopsida,,,Caryophyllales,,,Cactaceae,Cactoideae,,Cacteae,,Mammillaria,,Mammillaria dioica,,Mammillaria dioica dioica,,
12678,2007-09-08,2007-09-08,,Pacific Time (US & Canada),642,biosam,Sam McNally,2011-03-11 05:41:36 UTC,2021-08-19 21:45:05 UTC,research,CC-BY-NC,http://www.inaturalist.org/observations/12678,https://static.inaturalist.org/photos/24954/medium.JPG,,"","a narrow-stemmed, long-thorned Cholla (Formerly Opuntia sp.)",2,0,false,,Joshua Tree National Park,33.9000202,-115.8600068,,,,,,,open,false,,"",,Riverside,California,United States,California,Riverside,Cylindropuntia ramosissima,Cylindropuntia ramosissima,Branched Pencil Cholla,Plantae,68416,Plantae,Tracheophyta,Angiospermae,,Magnoliopsida,,,Caryophyllales,,,Cactaceae,Opuntioideae,,Cylindropuntieae,,Cylindropuntia,,Cylindropuntia ramosissima,,,,
12694,2009-05-04,2009-05-04,,Pacific Time (US & Canada),642,biosam,Sam McNally,2011-03-11 06:44:08 UTC,2023-09-17 16:14:10 UTC,research,CC-BY-NC,http://www.inaturalist.org/observations/12694,https://static.inaturalist.org/photos/24982/medium.JPG,,"","",4,0,false,,Mojave National Preserve,35.0109913,-115.4733554,,,,,,,open,false,,,,San Bernardino,California,United States,California,San Bernardino,beavertail prickly pear,Opuntia basilaris basilaris,beavertail cactus,Plantae,81156,Plantae,Tracheophyta,Angiospermae,,Magnoliopsida,,,Caryophyllales,,,Cactaceae,Opuntioideae,,Opuntieae,,Opuntia,,Opuntia basilaris,,,Opuntia basilaris basilaris,
13016,2003-04-14,2003-04-14,,Pacific Time (US & Canada),642,biosam,Sam McNally,2011-03-19 20:31:58 UTC,2016-03-01 18:58:59 UTC,casual,CC-BY-NC,http://www.inaturalist.org/observations/13016,,,"","",0,0,false,,Mojave National Preserve,35.0109913,-115.4733554,,,,,,,,false,,,,San Bernardino,California,United States,California,San Bernardino,Cylindropuntia acanthocarpa,Cylindropuntia acanthocarpa,Buckhorn Cholla,Plantae,49354,Plantae,Tracheophyta,Angiospermae,,Magnoliopsida,,,Caryophyllales,,,Cactaceae,Opuntioideae,,Cylindropuntieae,,Cylindropuntia,,Cylindropuntia acanthocarpa,,,,
13024,2003-04-14,2003-04-14,,Pacific Time (US & Canada),642,biosam,Sam McNally,2011-03-19 20:31:59 UTC,2023-09-17 20:46:25 UTC,casual,CC-BY-NC,http://www.inaturalist.org/observations/13024,,,"","",2,0,false,,Mojave National Preserve,35.0109913,-115.4733554,,,,,,,open,false,,,,San Bernardino,California,United States,California,San Bernardino,beavertail cactus,Opuntia basilaris basilaris,beavertail cactus,Plantae,81156,Plantae,Tracheophyta,Angiospermae,,Magnoliopsida,,,Caryophyllales,,,Cactaceae,Opuntioideae,,Opuntieae,,Opuntia,,Opuntia basilaris,,,Opuntia basilaris basilaris,
13046,2003-04-14,2003-04-14,,Pacific Time (US & Canada),642,biosam,Sam McNally,2011-03-19 20:32:05 UTC,2021-09-21 14:58:20 UTC,casual,CC-BY-NC,http://www.inaturalist.org/observations/13046,,,"","",0,0,false,,Mojave National Preserve,35.0109913,-115.4733554,,,,,,,,false,,,,San Bernardino,California,United States,California,San Bernardino,Compass Barrel Cactus,Ferocactus cylindraceus,California Barrel Cactus,Plantae,54453,Plantae,Tracheophyta,Angiospermae,,Magnoliopsida,,,Caryophyllales,,,Cactaceae,Cactoideae,,Cacteae,,Ferocactus,,Ferocactus cylindraceus,,,,
13208,2005-04-13,2005-04-13,,Pacific Time (US & Canada),714,curiousgeorge61,"",2011-03-23 03:38:11 UTC,2023-09-17 16:14:11 UTC,research,CC-BY-NC,http://www.inaturalist.org/observations/13208,https://static.inaturalist.org/photos/26017/medium.JPG,,"april, red",This known as beavertail cactus,4,0,false,,"Red Rock Canyon Conservation Area, Nevada",36.135739,-115.4278836,,,,,,,open,false,,,,Clark,Nevada,United States,Nevada,Clark,beavertail prickly pear,Opuntia basilaris basilaris,beavertail cactus,Plantae,81156,Plantae,Tracheophyta,Angiospermae,,Magnoliopsida,,,Caryophyllales,,,Cactaceae,Opuntioideae,,Opuntieae,,Opuntia,,Opuntia basilaris,,,Opuntia basilaris basilaris,
13216,2005-04-13,2005-04-13,,Pacific Time (US & Canada),714,curiousgeorge61,"",2011-03-23 16:29:34 UTC,2014-10-20 03:22:01 UTC,research,CC-BY-NC,http://www.inaturalist.org/observations/13216,https://static.inaturalist.org/photos/26062/medium.JPG,,"april, cactus",This is known as Buckhorn Cholla,1,0,false,,"Red Rock Canyon Conservation Area, Nevada",36.135739,-115.4278836,,,,,,,,false,,,,Clark,Nevada,United States,Nevada,Clark,Opuntia acanthocarpa,Cylindropuntia acanthocarpa,Buckhorn Cholla,Plantae,49354,Plantae,Tracheophyta,Angiospermae,,Magnoliopsida,,,Caryophyllales,,,Cactaceae,Opuntioideae,,Cylindropuntieae,,Cylindropuntia,,Cylindropuntia acanthocarpa,,,,
13232,2005-04-13,2005-04-13,,Pacific Time (US & Canada),714,curiousgeorge61,"",2011-03-23 21:51:29 UTC,2021-11-24 01:30:56 UTC,needs_id,CC-BY-NC,http://www.inaturalist.org/observations/13232,https://static.inaturalist.org/photos/26109/medium.JPG,,"april, cactus","",4,0,false,,"Red Rock Canyon Conservation Area, Nevada",36.135739,-115.4278836,,,,,,,open,false,,,,Clark,Nevada,United States,Nevada,Clark,chollas,Cylindropuntia,chollas,Plantae,49352,Plantae,Tracheophyta,Angiospermae,,Magnoliopsida,,,Caryophyllales,,,Cactaceae,Opuntioideae,,Cylindropuntieae,,Cylindropuntia,,,,,,
13276,2008-10-25,2008-10-25,,Pacific Time (US & Canada),714,curiousgeorge61,"",2011-03-26 00:36:50 UTC,2021-03-08 03:15:09 UTC,research,CC-BY-NC,http://www.inaturalist.org/observations/13276,https://static.inaturalist.org/photos/26347/medium.JPG,,october,"",8,0,false,,"Pima County, US-AZ, US",32.1256642244,-112.955161693,,,,,29146,,obscured,true,,,,Pima,Arizona,United States,Arizona,Pima,Ferocactus wislizeni,Ferocactus wislizeni,fishhook barrel cactus,Plantae,162935,Plantae,Tracheophyta,Angiospermae,,Magnoliopsida,,,Caryophyllales,,,Cactaceae,Cactoideae,,Cacteae,,Ferocactus,,Ferocactus wislizeni,,,,
13279,2008-10-25,2008-10-25,,Pacific Time (US & Canada),714,curiousgeorge61,"",2011-03-26 03:11:16 UTC,2023-07-25 15:42:23 UTC,research,CC-BY-NC,http://www.inaturalist.org/observations/13279,https://static.inaturalist.org/photos/26350/medium.JPG,,october,"",7,0,false,,Organ Pipe Cactus National Monument,32.0877596,-112.9058802,,,,,,,open,false,,,,Pima,Arizona,United States,Arizona,Pima,saguaro,Carnegiea gigantea,saguaro,Plantae,54449,Plantae,Tracheophyta,Angiospermae,,Magnoliopsida,,,Caryophyllales,,,Cactaceae,Cactoideae,,Pachycereae,,Carnegiea,,Carnegiea gigantea,,,,
13397,2011-03-29  1300,2011-03-29,2011-03-29 20:00:00 UTC,Pacific Time (US & Canada),910,icosahedron,"",2011-03-29 22:54:35 UTC,2023-07-10 15:55:15 UTC,casual,CC-BY,http://www.inaturalist.org/observations/13397,https://static.inaturalist.org/photos/26658/medium.JPG,,"",One of the three or four paddle cacti growing in the reserve.,1,0,false,,Upper Newport Bay N 33  39.137 W 117 52.934  35',89.6218260952,-18.28125,,,,,,,,false,,,,,,,,,Prickly Pears,Opuntia,Prickly Pears,Plantae,47902,Plantae,Tracheophyta,Angiospermae,,Magnoliopsida,,,Caryophyllales,,,Cactaceae,Opuntioideae,,Opuntieae,,Opuntia,,,,,,
13484,2011-03-30  1300,2011-03-30,2011-03-30 20:00:00 UTC,Pacific Time (US & Canada),910,icosahedron,"",2011-03-31 13:12:36 UTC,2021-10-01 15:23:05 UTC,needs_id,CC-BY,http://www.inaturalist.org/observations/13484,https://static.inaturalist.org/photos/26783/medium.JPG,,"","There are at least three handsome paddle cacti along the estuary, with a magnificient display of bloom each spring.  I don't know whether any of these provides an attractive food resource for humans, but their combined crop of cactus apples is considerable.",1,0,false,,upper Newport Bay N 33  39.014 W 117 52.55838 1                 74  35',33.6532802582,-117.8824424744,,,,,,,open,false,,,,Orange,California,United States,California,Orange,Feigenkaktus,Opuntia dejecta,,Plantae,274359,Plantae,Tracheophyta,Angiospermae,,Magnoliopsida,,,Caryophyllales,,,Cactaceae,Opuntioideae,,Opuntieae,,Opuntia,,Opuntia dejecta,,,,
14216,2011-04-10,2011-04-10,,Pacific Time (US & Canada),382,tsoleau,"",2011-04-12 02:50:39 UTC,2022-05-06 08:29:49 UTC,research,,http://www.inaturalist.org/observations/14216,https://inaturalist-open-data.s3.amazonaws.com/photos/27917/medium.jpg,,"","",3,0,false,,"Joshua Tree National Park, CA",33.9580552403,-115.9877300262,,,,,,,open,false,,,,Riverside,California,United States,California,Riverside,teddy bear cholla,Cylindropuntia bigelovii,Teddybear Cholla,Plantae,49351,Plantae,Tracheophyta,Angiospermae,,Magnoliopsida,,,Caryophyllales,,,Cactaceae,Opuntioideae,,Cylindropuntieae,,Cylindropuntia,,Cylindropuntia bigelovii,,,,
14219,2011-04-10,2011-04-10,,Pacific Time (US & Canada),382,tsoleau,"",2011-04-12 02:53:59 UTC,2021-05-14 14:07:00 UTC,research,,http://www.inaturalist.org/observations/14219,https://inaturalist-open-data.s3.amazonaws.com/photos/27922/medium.jpg,,"","",5,0,false,,"Joshua Tree National Park, CA",33.8700121,-115.7575196,,,,,,,open,false,,,,Riverside,California,United States,California,Riverside,Mojave Kingcup Cactus,Echinocereus triglochidiatus mojavensis,Mojave Kingcup Cactus,Plantae,858352,Plantae,Tracheophyta,Angiospermae,,Magnoliopsida,,,Caryophyllales,,,Cactaceae,Cactoideae,,Pachycereae,,Echinocereus,,Echinocereus triglochidiatus,,Echinocereus triglochidiatus mojavensis,,
15002,"April 21, 2011 7:02:10 AM PDT",2011-04-21,2011-04-21 14:02:10 UTC,Pacific Time (US & Canada),839,microecos,"",2011-04-22 01:44:56 UTC,2023-09-17 20:46:17 UTC,research,CC-BY-NC,http://www.inaturalist.org/observations/15002,https://static.inaturalist.org/photos/29146/medium.jpg,,"","",2,0,false,,"35.0734748840332, -116.59519958496094",35.073474884,-116.595199585,,,,,,,open,false,,,,San Bernardino,California,United States,California,San Bernardino,beavertail cactus,Opuntia basilaris basilaris,beavertail cactus,Plantae,81156,Plantae,Tracheophyta,Angiospermae,,Magnoliopsida,,,Caryophyllales,,,Cactaceae,Opuntioideae,,Opuntieae,,Opuntia,,Opuntia basilaris,,,Opuntia basilaris basilaris,
19014,"June 04, 2006 13:05",2006-06-04,2006-06-04 20:05:00 UTC,Pacific Time (US & Canada),873,tapbirds,Scott Cox,2011-05-30 08:06:39 UTC,2023-10-04 15:51:35 UTC,research,CC-BY-NC-ND,http://www.inaturalist.org/observations/19014,https://inaturalist-open-data.s3.amazonaws.com/photos/34617/medium.jpg,,"","Purple pincushion cactus (Coryphantha vivipara), Roosevelt National Park North Dakota",5,1,false,,Roosevelt National Park North Dakota,47.2394596,-103.6243599,,,,,,,open,false,,,,Billings,North Dakota,United States,North Dakota,Billings,Foxtail Pincushion Cactus,Escobaria vivipara vivipara,Spinystar,Plantae,240736,Plantae,Tracheophyta,Angiospermae,,Magnoliopsida,,,Caryophyllales,,,Cactaceae,Cactoideae,,Cacteae,,Escobaria,,Escobaria vivipara,,,Escobaria vivipara vivipara,
19057,"June 01, 2010 14:26",2010-06-01,2010-06-01 21:26:00 UTC,Pacific Time (US & Canada),873,tapbirds,Scott Cox,2011-05-30 15:07:36 UTC,2022-01-27 08:07:34 UTC,research,CC-BY-NC-ND,http://www.inaturalist.org/observations/19057,https://inaturalist-open-data.s3.amazonaws.com/photos/34661/medium.jpg,,"","Organ Pipe (Stenocereus thurberi), Organ Pipe NM AZ",3,0,false,,Organ Pipe AZ,32.0877596,-112.9058802,,,,,,,open,false,,,,Pima,Arizona,United States,Arizona,Pima,Stenocereus thurberi thurberi,Stenocereus thurberi thurberi,,Plantae,314350,Plantae,Tracheophyta,Angiospermae,,Magnoliopsida,,,Caryophyllales,,,Cactaceae,Cactoideae,,Pachycereae,,Stenocereus,,Stenocereus thurberi,,Stenocereus thurberi thurberi,,
19063,"June 01, 2010 14:03",2010-06-01,2010-06-01 21:03:00 UTC,Pacific Time (US & Canada),873,tapbirds,Scott Cox,2011-05-30 15:15:07 UTC,2021-04-06 14:14:36 UTC,research,CC-BY-NC-ND,http://www.inaturalist.org/observations/19063,https://inaturalist-open-data.s3.amazonaws.com/photos/34667/medium.jpg,,"","Pincushion Cactus, French Joe Canyon, Arizona",6,0,false,,"French Joe Canyon, Arizona",31.8214758,-110.3222981,,,,,,,open,false,,,,Cochise,Arizona,United States,Arizona,Cochise,Cabeza de viejo,Echinocereus rigidissimus rigidissimus,,Plantae,858348,Plantae,Tracheophyta,Angiospermae,,Magnoliopsida,,,Caryophyllales,,,Cactaceae,Cactoideae,,Pachycereae,,Echinocereus,,Echinocereus rigidissimus,,Echinocereus rigidissimus rigidissimus,,
19128,"May 29, 2011 11:07:57 AM PDT",2011-05-29,2011-05-29 18:07:57 UTC,Pacific Time (US & Canada),513,davidkroodsma,"",2011-05-30 16:38:34 UTC,2023-08-02 17:38:35 UTC,research,,http://www.inaturalist.org/observations/19128,https://static.inaturalist.org/photos/34731/medium.jpg,,"",Lone cactus in sea of avena. ,4,0,false,,"35.32306671142578, -120.78075408935547",35.3230667114,-120.7807540894,,,,,,,open,false,,,,San Luis Obispo,California,United States,California,San Luis Obispo,Indian fig opuntia,Opuntia ficus-indica,Indian fig opuntia,Plantae,64119,Plantae,Tracheophyta,Angiospermae,,Magnoliopsida,,,Caryophyllales,,,Cactaceae,Opuntioideae,,Opuntieae,,Opuntia,,Opuntia ficus-indica,,,,
20216,"June 01, 2011 11:31",2011-06-01,2011-06-01 18:31:00 UTC,Pacific Time (US & Canada),604,eric_hunt,Eric Hunt,2011-06-05 02:50:56 UTC,2022-02-05 16:23:20 UTC,research,CC-BY-NC,http://www.inaturalist.org/observations/20216,https://static.inaturalist.org/photos/36115/medium.jpg,,"","Photographed in the Walnut Canyon National Monument, Coconino County, Arizona",5,0,false,,"Walnut Canyon National Monument, Coconino County, Arizona, United States",35.170103,-111.509149,,,,,,,,false,,,,Coconino,Arizona,United States,Arizona,Coconino,Echinocereus bakeri,Echinocereus bakeri,,Plantae,622790,Plantae,Tracheophyta,Angiospermae,,Magnoliopsida,,,Caryophyllales,,,Cactaceae,Cactoideae,,Pachycereae,,Echinocereus,,Echinocereus bakeri,,,,
20220,"May 30, 2011 11:53",2011-05-30,2011-05-30 16:53:00 UTC,Central Time (US & Canada),604,eric_hunt,Eric Hunt,2011-06-05 03:01:45 UTC,2021-09-30 17:36:51 UTC,research,CC-BY-NC,http://www.inaturalist.org/observations/20220,https://static.inaturalist.org/photos/36119/medium.jpg,,"","Species from Arizona, New Mexico, Texas, Colorado

Common name: Pinkflower hedgehog cactus

Photographed along CA 168 in the Inyo National Forest, Inyo County, California",4,0,false,,"along CA 168 in the Inyo National Forest, Inyo County, California, United States",37.238589,-118.201174,,,,,,,open,false,,,,Inyo,California,United States,California,Inyo,Echinocereus engelmannii engelmannii,Echinocereus engelmannii engelmannii,,Plantae,181747,Plantae,Tracheophyta,Angiospermae,,Magnoliopsida,,,Caryophyllales,,,Cactaceae,Cactoideae,,Pachycereae,,Echinocereus,,Echinocereus engelmannii,,Echinocereus engelmannii engelmannii,,
20665,"June 01, 2011 17:28",2011-06-01,2011-06-02 00:28:00 UTC,Pacific Time (US & Canada),604,eric_hunt,Eric Hunt,2011-06-08 15:45:14 UTC,2016-06-24 02:21:52 UTC,research,CC-BY-NC,http://www.inaturalist.org/observations/20665,https://static.inaturalist.org/photos/36629/medium.jpg,,"","(tentative ID)

Photographed on Boynton Pass Road, Yavapai County, Arizona",1,0,false,,"Boynton Pass Road, Yavapai County, Arizona, United States",34.892421,-111.874358,,,,,,,,false,,,,Yavapai,Arizona,United States,Arizona,Yavapai,Texas Prickly-pear,Opuntia engelmannii,Engelmann's Pricklypear,Plantae,78264,Plantae,Tracheophyta,Angiospermae,,Magnoliopsida,,,Caryophyllales,,,Cactaceae,Opuntioideae,,Opuntieae,,Opuntia,,Opuntia engelmannii,,,,
21307,"June 12, 2011 12:46",2011-06-12,2011-06-12 19:46:00 UTC,Pacific Time (US & Canada),1850,bbunny,Rebecca Marschall,2011-06-13 17:32:19 UTC,2023-06-08 06:46:46 UTC,research,CC-BY-NC,http://www.inaturalist.org/observations/21307,https://inaturalist-open-data.s3.amazonaws.com/photos/37504/medium.jpg,,"",P1010179,1,0,false,,"Mulholland Gateway Park, Los Angeles, CA, US",34.1381583,-118.544425,,,,,,,,false,,,,Los Angeles,California,United States,California,Los Angeles,Coastal Prickly Pear,Opuntia littoralis,Coastal Pricklypear,Plantae,78266,Plantae,Tracheophyta,Angiospermae,,Magnoliopsida,,,Caryophyllales,,,Cactaceae,Opuntioideae,,Opuntieae,,Opuntia,,Opuntia littoralis,,,,
21312,"August 02, 2007 20:46",2007-08-02,2007-08-03 03:46:00 UTC,Pacific Time (US & Canada),343,godutchbaby,"",2011-06-13 17:44:09 UTC,2023-04-02 17:43:50 UTC,research,CC-BY-NC-ND,http://www.inaturalist.org/observations/21312,https://inaturalist-open-data.s3.amazonaws.com/photos/37512/medium.jpg,,"","Galapagos giant tortoises on Santa Cruz Island

Featured on my blog: <a href=""http://godutchbaby.blogspot.com/2009/02/galapagos-tortoises.html"" rel=""nofollow"">godutchbaby.blogspot.com/2009/02/galapagos-tortoises.html</a>",2,0,false,,"Puerto Ayora, Galapagos, Ecuador",-0.749623,-90.315513,,,,,,,open,false,,,,,,Ecuador,Galápagos,Santa Cruz,Galápagos prickly pear,Opuntia galapageia,Galápagos Pricklypear,Plantae,207737,Plantae,Tracheophyta,Angiospermae,,Magnoliopsida,,,Caryophyllales,,,Cactaceae,Opuntioideae,,Opuntieae,,Opuntia,,Opuntia galapageia,,,,
21627,"May 03, 2009 07:14",2009-05-03,2009-05-03 12:14:00 UTC,Central Time (US & Canada),604,eric_hunt,Eric Hunt,2011-06-15 16:00:54 UTC,2022-12-16 18:02:14 UTC,research,CC-BY-NC,http://www.inaturalist.org/observations/21627,https://static.inaturalist.org/photos/38457/medium.jpg,,"","Common name: Hardy Prickly Pear

Species from Eastern North America

Photographed at Turkey Creek Nature Preserve, Pinson, Alabama",3,1,false,,"Turkey Creek Nature Preserve, Jefferson County, Alabama, United States",33.702292,-86.697074,,,,,,,open,false,,,,Jefferson,Alabama,United States,Alabama,Jefferson,Southeastern Pricklypear,Opuntia mesacantha,Southeastern Pricklypear,Plantae,543631,Plantae,Tracheophyta,Angiospermae,,Magnoliopsida,,,Caryophyllales,,,Cactaceae,Opuntioideae,,Opuntieae,,Opuntia,,Opuntia mesacantha,,,,
21945,"",,,Arizona,1899,anthropogen,Spencer Woodard,2011-06-17 21:09:10 UTC,2021-06-22 14:25:18 UTC,casual,,http://www.inaturalist.org/observations/21945,https://static.inaturalist.org/photos/39169/medium.jpg,,"cacti, cactus, Cactaceae, Mammillaria phitauiana, mexico, baja, flora, edible","Also called Viejita or Pitayita, I photographed this plant in the Baja desert. The small red fruit, which can often be found in abundance are sweet and edible.",2,0,false,,"Bay of Conception, Baja, Mexico",26.6985081266,-111.8772125244,,,,,,,open,false,,,,,Baja California Sur,Mexico,Baja California Sur,Mulegé,pincushion cactuses,Mammillaria,pincushion cactuses,Plantae,68192,Plantae,Tracheophyta,Angiospermae,,Magnoliopsida,,,Caryophyllales,,,Cactaceae,Cactoideae,,Cacteae,,Mammillaria,,,,,,
22345,"June 20, 2011 2:23:36 PM PDT",2011-06-20,2011-06-20 21:23:36 UTC,Pacific Time (US & Canada),1048,whalend,Whalen Dillon,2011-06-20 21:24:44 UTC,2021-08-25 05:29:56 UTC,research,CC-BY-NC,http://www.inaturalist.org/observations/22345,https://inaturalist-open-data.s3.amazonaws.com/photos/42626/medium.jpg,,"","",2,0,false,,"37.35470199584961, -118.1872787475586",37.3547019958,-118.1872787476,,,,,,,,false,,,,Inyo,California,United States,California,Inyo,Mojave prickly-pear,Opuntia polyacantha erinacea,Mojave Pricklypear,Plantae,81159,Plantae,Tracheophyta,Angiospermae,,Magnoliopsida,,,Caryophyllales,,,Cactaceae,Opuntioideae,,Opuntieae,,Opuntia,,Opuntia polyacantha,,,Opuntia polyacantha erinacea,
22927,2011-06-19,2011-06-19,,Pacific Time (US & Canada),382,tsoleau,"",2011-06-26 03:41:18 UTC,2022-03-01 07:37:39 UTC,research,,http://www.inaturalist.org/observations/22927,https://inaturalist-open-data.s3.amazonaws.com/photos/41242/medium.jpg,,"","",6,0,false,,"Red Rock Canyon National Conservation Area, Las Vegas, NV",36.1587501855,-115.4438638687,,,,,,,open,false,,,,Clark,Nevada,United States,Nevada,Clark,California barrel cactus,Ferocactus cylindraceus,California Barrel Cactus,Plantae,54453,Plantae,Tracheophyta,Angiospermae,,Magnoliopsida,,,Caryophyllales,,,Cactaceae,Cactoideae,,Cacteae,,Ferocactus,,Ferocactus cylindraceus,,,,
26594,2011-07-31,2011-07-31,,Pacific Time (US & Canada),714,curiousgeorge61,"",2011-07-31 16:10:36 UTC,2016-03-01 16:55:35 UTC,casual,CC-BY-NC,http://www.inaturalist.org/observations/26594,https://static.inaturalist.org/photos/47753/medium.JPG,,"","Also known as a Night Blooming Cereus, Queen of the Night, and Dutchman's Pipe. This plant is, according to several web sites, one of the most cultivated  plant of this genus and can be found in many and varied places in the world.
The pipe like shape of the flower is about 12 to 14 inches long at the time they open to a flower that is six to eight inches across.
We have two plants in pots that for the last twelve year have given us only one flower from one or the other plant.  This year they both went crazy and gave us nine buds with eight flowering over two nights.
I tried to pollinate the flowers to see if we can get a fruit. They are supposed to be pollinated be a bat or a moth when in the outdoors.",1,0,true,,"Pepperwood Preserve, CA",38.5668999754,-122.6847875118,,,,,,,,false,,,,Sonoma,California,United States,California,Sonoma,Epiphyllum oxypetalum,Epiphyllum oxypetalum,queen of the night,Plantae,85410,Plantae,Tracheophyta,Angiospermae,,Magnoliopsida,,,Caryophyllales,,,Cactaceae,Cactoideae,,Hylocereeae,,Epiphyllum,,Epiphyllum oxypetalum,,,,
26966,"October 20, 2007 18:34",2007-10-20,2007-10-20 22:34:00 UTC,Eastern Time (US & Canada),2370,ctracey,Christopher Tracey,2011-08-05 18:27:43 UTC,2022-03-04 08:11:04 UTC,research,CC-BY,http://www.inaturalist.org/observations/26966,https://static.inaturalist.org/photos/48318/medium.jpg,,"","",7,0,false,,"Old Tucson, Arizona, United States",32.244294,-111.164485,,,,,,,open,false,,,,Pima,Arizona,United States,Arizona,Pima,saguaro,Carnegiea gigantea,saguaro,Plantae,54449,Plantae,Tracheophyta,Angiospermae,,Magnoliopsida,,,Caryophyllales,,,Cactaceae,Cactoideae,,Pachycereae,,Carnegiea,,Carnegiea gigantea,,,,
27235,"August 4, 2011 2:48:45 PM PDT",2011-08-04,2011-08-04 21:48:45 UTC,Pacific Time (US & Canada),933,chriswbrown,Chris Brown,2011-08-09 15:17:25 UTC,2021-05-28 20:15:54 UTC,research,CC-BY-NC,http://www.inaturalist.org/observations/27235,https://static.inaturalist.org/photos/48830/medium.jpg,,"","",2,0,false,,"Joshua Tree National Park, CA, USA",33.9502716064,-116.161567688,30,,,,30,,open,false,,,,Riverside,California,United States,California,Riverside,Silver cholla (Cylindropuntia echinocarpa),Cylindropuntia echinocarpa,Silver Cholla,Plantae,49357,Plantae,Tracheophyta,Angiospermae,,Magnoliopsida,,,Caryophyllales,,,Cactaceae,Opuntioideae,,Cylindropuntieae,,Cylindropuntia,,Cylindropuntia echinocarpa,,,,
27243,"August 4, 2011 3:22:52 PM PDT",2011-08-04,2011-08-04 22:22:52 UTC,Pacific Time (US & Canada),933,chriswbrown,Chris Brown,2011-08-09 15:17:37 UTC,2023-09-17 20:46:11 UTC,research,CC-BY-NC,http://www.inaturalist.org/observations/27243,https://static.inaturalist.org/photos/48806/medium.jpg,,"","",2,0,false,,"Joshua Tree National Park, CA, USA",33.9889678955,-116.1618881226,50,,,,50,,open,false,,,,Riverside,California,United States,California,Riverside,beavertail cactus,Opuntia basilaris basilaris,beavertail cactus,Plantae,81156,Plantae,Tracheophyta,Angiospermae,,Magnoliopsida,,,Caryophyllales,,,Cactaceae,Opuntioideae,,Opuntieae,,Opuntia,,Opuntia basilaris,,,Opuntia basilaris basilaris,
27246,"August 4, 2011 3:48:19 PM PDT",2011-08-04,2011-08-04 22:48:19 UTC,Pacific Time (US & Canada),933,chriswbrown,Chris Brown,2011-08-09 15:17:42 UTC,2021-09-26 20:35:36 UTC,research,CC-BY-NC,http://www.inaturalist.org/observations/27246,https://static.inaturalist.org/photos/48810/medium.jpg,,"",O. phaeacantha?,2,0,false,,"Joshua Tree National Park, CA, USA",34.0276069641,-116.1435241699,10,,,,10,,open,false,,,,Riverside,California,United States,California,Riverside,brown-spined prickly-pear,Opuntia phaeacantha,Brown-spined Pricklypear,Plantae,78268,Plantae,Tracheophyta,Angiospermae,,Magnoliopsida,,,Caryophyllales,,,Cactaceae,Opuntioideae,,Opuntieae,,Opuntia,,Opuntia phaeacantha,,,,
27249,"August 4, 2011 3:56:00 PM PDT",2011-08-04,2011-08-04 22:56:00 UTC,Pacific Time (US & Canada),933,chriswbrown,Chris Brown,2011-08-09 15:17:46 UTC,2023-07-26 03:35:44 UTC,research,CC-BY-NC,http://www.inaturalist.org/observations/27249,https://static.inaturalist.org/photos/48813/medium.jpg,,"","",6,1,false,,"Joshua Tree National Park, CA, USA",34.0294914246,-116.1446609497,200,,,,200,,open,false,,,,Riverside,California,United States,California,Riverside,Mojave Kingcup Cactus,Echinocereus triglochidiatus mojavensis,Mojave Kingcup Cactus,Plantae,858352,Plantae,Tracheophyta,Angiospermae,,Magnoliopsida,,,Caryophyllales,,,Cactaceae,Cactoideae,,Pachycereae,,Echinocereus,,Echinocereus triglochidiatus,,Echinocereus triglochidiatus mojavensis,,
28183,2011-08-12,2011-08-12,,Pacific Time (US & Canada),477,loarie,Scott Loarie,2011-08-16 05:44:30 UTC,2020-02-18 00:14:17 UTC,needs_id,CC0,http://www.inaturalist.org/observations/28183,https://inaturalist-open-data.s3.amazonaws.com/photos/50156/medium.jpg,,"",Some sort of prickly pear,1,0,false,,"Jefferson County, US-CO, US",39.6747762928,-105.2039837837,,,,,,,open,false,,,,Jefferson,Colorado,United States,Colorado,Jefferson,starvation prickly-pear,Opuntia polyacantha,Plains Pricklypear,Plantae,78269,Plantae,Tracheophyta,Angiospermae,,Magnoliopsida,,,Caryophyllales,,,Cactaceae,Opuntioideae,,Opuntieae,,Opuntia,,Opuntia polyacantha,,,,
28354,"August 8, 2011 7:01:34 PM CDT",2011-08-08,2011-08-09 00:01:34 UTC,Central Time (US & Canada),1421,tewksjj,Joshua Tewksbury,2011-08-17 19:38:55 UTC,2017-09-25 17:37:48 UTC,research,CC-BY-NC-SA,http://www.inaturalist.org/observations/28354,https://inaturalist-open-data.s3.amazonaws.com/photos/53043/medium.jpg,,"","",2,0,false,,"S Mopac Expy, Austin, TX 78739, USA",30.1951465607,-97.8700866699,2196,,,,2196,,,false,,,City of Austin,Travis,Texas,United States,Texas,Travis,Texas Prickly-pear,Opuntia engelmannii,Engelmann's Pricklypear,Plantae,78264,Plantae,Tracheophyta,Angiospermae,,Magnoliopsida,,,Caryophyllales,,,Cactaceae,Opuntioideae,,Opuntieae,,Opuntia,,Opuntia engelmannii,,,,
28382,2010-10-16,2010-10-16,,Eastern Time (US & Canada),2544,dnydick,Dan Nydick,2011-08-18 03:07:02 UTC,2023-03-29 13:23:41 UTC,research,CC-BY-NC,http://www.inaturalist.org/observations/28382,https://inaturalist-open-data.s3.amazonaws.com/photos/50442/medium.png,,"","Galapagos prickly pear---don't know the exact species.
",2,0,false,,"Seymour Norte, Galapagos, Ecuador",-0.4009977029,-90.2870178223,,,,,,,open,false,,,,,,Ecuador,Galápagos,Santa Cruz,Galápagos prickly pear,Opuntia galapageia,Galápagos Pricklypear,Plantae,207737,Plantae,Tracheophyta,Angiospermae,,Magnoliopsida,,,Caryophyllales,,,Cactaceae,Opuntioideae,,Opuntieae,,Opuntia,,Opuntia galapageia,,,,
31335,2011-06-10,2011-06-10,,Mountain Time (US & Canada),2946,elenaash,,2011-09-17 15:12:27 UTC,2023-06-06 08:39:44 UTC,research,,http://www.inaturalist.org/observations/31335,https://static.inaturalist.org/photos/54233/medium.JPG,,"","Prickly pear with apricot blooms seen in the Buckhorn Wash, San Rafael Swell, Utah.",4,1,false,,"San Rafael Swell, Emery, Utah",38.8235827,-110.6773837,,,,,,,open,false,,,,Emery,Utah,United States,Utah,Emery,starvation prickly-pear,Opuntia polyacantha,Plains Pricklypear,Plantae,78269,Plantae,Tracheophyta,Angiospermae,,Magnoliopsida,,,Caryophyllales,,,Cactaceae,Opuntioideae,,Opuntieae,,Opuntia,,Opuntia polyacantha,,,,
31339,2011-06-19,2011-06-19,,Mountain Time (US & Canada),2946,elenaash,,2011-09-17 16:04:46 UTC,2022-11-20 16:34:24 UTC,research,,http://www.inaturalist.org/observations/31339,https://static.inaturalist.org/photos/54243/medium.jpg,,"","Claret cups in bloom on Swasey Peak in the House Range near Delta, Utah.",8,0,false,,"Swasey Peak, Utah",39.3882824,-113.3160841,,,,,,,,false,,,,Millard,Utah,United States,Utah,Millard,Mojave Kingcup Cactus,Echinocereus triglochidiatus mojavensis,Mojave Kingcup Cactus,Plantae,858352,Plantae,Tracheophyta,Angiospermae,,Magnoliopsida,,,Caryophyllales,,,Cactaceae,Cactoideae,,Pachycereae,,Echinocereus,,Echinocereus triglochidiatus,,Echinocereus triglochidiatus mojavensis,,
31473,2011-04-17,2011-04-17,,Mountain Time (US & Canada),2919,freejinn,freejinn,2011-09-18 02:44:29 UTC,2022-01-19 10:45:32 UTC,research,CC-BY-NC,http://www.inaturalist.org/observations/31473,https://inaturalist-open-data.s3.amazonaws.com/photos/54373/medium.JPG,,"cactus, green river, utah",Not quite sure what type of barrel cactus...growing not far from the river itself.,6,1,false,,"Green River, Utah, USA",39.0541712429,-110.1159667969,,,,,,,open,false,,,,Grand,Utah,United States,Utah,Grand,Sclerocactus parviflorus,Sclerocactus parviflorus,Smallflower Fishhook Cactus,Plantae,148445,Plantae,Tracheophyta,Angiospermae,,Magnoliopsida,,,Caryophyllales,,,Cactaceae,Cactoideae,,Cacteae,,Sclerocactus,,Sclerocactus parviflorus,,,,
33490,"September 22, 2011 12:16",2011-09-22,2011-09-22 16:16:00 UTC,Eastern Time (US & Canada),2370,ctracey,Christopher Tracey,2011-10-02 03:44:03 UTC,2021-05-26 12:40:10 UTC,research,CC-BY,http://www.inaturalist.org/observations/33490,https://static.inaturalist.org/photos/57011/medium.jpg,,"","",3,0,false,,"New Mexico, United States",36.463811,-105.730812,,,,,,,open,false,,,,Taos,New Mexico,United States,New Mexico,Taos,Scarlet hedgehog cactus,Echinocereus coccineus coccineus,Scarlet Hedgehog Cactus,Plantae,181743,Plantae,Tracheophyta,Angiospermae,,Magnoliopsida,,,Caryophyllales,,,Cactaceae,Cactoideae,,Pachycereae,,Echinocereus,,Echinocereus coccineus,,Echinocereus coccineus coccineus,,
33492,"September 22, 2011 12:04",2011-09-22,2011-09-22 16:04:00 UTC,Eastern Time (US & Canada),2370,ctracey,Christopher Tracey,2011-10-02 03:46:34 UTC,2018-12-22 11:00:58 UTC,research,CC-BY,http://www.inaturalist.org/observations/33492,https://static.inaturalist.org/photos/57013/medium.jpg,,"","",2,0,false,,"New Mexico, United States",36.458341,-105.733623,,,,,,,,false,,,,Taos,New Mexico,United States,New Mexico,Taos,starvation prickly-pear,Opuntia polyacantha,Plains Pricklypear,Plantae,78269,Plantae,Tracheophyta,Angiospermae,,Magnoliopsida,,,Caryophyllales,,,Cactaceae,Opuntioideae,,Opuntieae,,Opuntia,,Opuntia polyacantha,,,,
33506,2011-09-11,2011-09-11,,Central Time (US & Canada),2125,greenmother,GM,2011-10-02 04:48:42 UTC,2020-05-29 16:37:15 UTC,research,,http://www.inaturalist.org/observations/33506,https://static.inaturalist.org/photos/57027/medium.jpg,,"",Prickly Pear Cacti with ripening fruit at Roman Nose State Park.,3,1,false,,Watonga Oklahoma,35.9310387124,-98.4323501587,,,,,,,open,false,,,,Blaine,Oklahoma,United States,Oklahoma,Blaine,Opuntia tortispina,Opuntia tortispina,Twist-spined Pricklypear,Plantae,504918,Plantae,Tracheophyta,Angiospermae,,Magnoliopsida,,,Caryophyllales,,,Cactaceae,Opuntioideae,,Opuntieae,,Opuntia,,Opuntia tortispina,,,,
34331,"March 23, 2010 12:37",2010-03-23,2010-03-23 17:37:00 UTC,Central Time (US & Canada),604,eric_hunt,Eric Hunt,2011-10-08 13:46:38 UTC,2021-05-28 20:15:47 UTC,research,CC-BY-NC,http://www.inaturalist.org/observations/34331,https://static.inaturalist.org/photos/58417/medium.jpg,,"","Species from western North America

Photographed on Isabella Walker Pass Road, Kern County, California",2,0,false,,"Isabella Walker Pass Road, Kern County, California, United States",35.719405,-118.170747,,,,,,,open,false,,,,Kern,California,United States,California,Kern,silver or golden cholla,Cylindropuntia echinocarpa,Silver Cholla,Plantae,49357,Plantae,Tracheophyta,Angiospermae,,Magnoliopsida,,,Caryophyllales,,,Cactaceae,Opuntioideae,,Cylindropuntieae,,Cylindropuntia,,Cylindropuntia echinocarpa,,,,
34341,"October 7, 2011 7:54:18 AM CDT",2011-10-07,2011-10-07 12:54:18 UTC,Central Time (US & Canada),477,loarie,Scott Loarie,2011-10-08 14:39:49 UTC,2020-05-12 22:31:24 UTC,needs_id,CC0,http://www.inaturalist.org/observations/34341,https://inaturalist-open-data.s3.amazonaws.com/photos/58451/medium.jpg,,"","",2,0,false,,"17384 Rock Prairie Rd W, College Station, TX  77845, , United States",30.5671787262,-96.2134933472,10,,,,10,,open,false,,,,Brazos,Texas,United States,Texas,Brazos,Prickly pears,Opuntia,Prickly Pears,Plantae,47902,Plantae,Tracheophyta,Angiospermae,,Magnoliopsida,,,Caryophyllales,,,Cactaceae,Opuntioideae,,Opuntieae,,Opuntia,,,,,,
36120,2010-04-03,2010-04-03,,Pacific Time (US & Canada),3161,greenrosettas,Chris Cook,2011-10-19 20:29:19 UTC,2021-05-14 14:06:58 UTC,research,CC-BY-NC,http://www.inaturalist.org/observations/36120,https://inaturalist-open-data.s3.amazonaws.com/photos/61036/medium.JPG,,"Mojave Mound Cactus, kingcup cactus, three spine hedgehog cactus","",4,0,false,,"Joshua Tree National Park, CA",34.0318919633,-116.1580610275,,,,,,,open,false,,,,Riverside,California,United States,California,Riverside,Mojave Kingcup Cactus,Echinocereus triglochidiatus mojavensis,Mojave Kingcup Cactus,Plantae,858352,Plantae,Tracheophyta,Angiospermae,,Magnoliopsida,,,Caryophyllales,,,Cactaceae,Cactoideae,,Pachycereae,,Echinocereus,,Echinocereus triglochidiatus,,Echinocereus triglochidiatus mojavensis,,
36566,2010-04-03,2010-04-03,,Pacific Time (US & Canada),3161,greenrosettas,Chris Cook,2011-10-21 19:22:55 UTC,2023-09-17 20:46:06 UTC,research,CC-BY-NC,http://www.inaturalist.org/observations/36566,https://inaturalist-open-data.s3.amazonaws.com/photos/61450/medium.JPG,,"","",2,0,false,,"Joshua Tree National Park, CA",33.9633926922,-115.9864103794,,,,,,,open,false,,,,Riverside,California,United States,California,Riverside,Opuntia basilaris basilaris,Opuntia basilaris basilaris,beavertail cactus,Plantae,81156,Plantae,Tracheophyta,Angiospermae,,Magnoliopsida,,,Caryophyllales,,,Cactaceae,Opuntioideae,,Opuntieae,,Opuntia,,Opuntia basilaris,,,Opuntia basilaris basilaris,
36571,2010-04-03,2010-04-03,,Pacific Time (US & Canada),3161,greenrosettas,Chris Cook,2011-10-21 20:24:46 UTC,2021-02-27 01:43:36 UTC,research,CC-BY-NC,http://www.inaturalist.org/observations/36571,https://inaturalist-open-data.s3.amazonaws.com/photos/61460/medium.JPG,,"","",5,0,false,,"Joshua Tree National Park, CA",33.9977786519,-116.0512179136,,,,,,,open,false,,,,Riverside,California,United States,California,Riverside,Mammillaria tetrancistra,Mammillaria tetrancistra,Common Fishhook Cactus,Plantae,77956,Plantae,Tracheophyta,Angiospermae,,Magnoliopsida,,,Caryophyllales,,,Cactaceae,Cactoideae,,Cacteae,,Mammillaria,,Mammillaria tetrancistra,,,,
36577,"October 20, 2011 9:50:37 AM CDT",2011-10-20,2011-10-20 14:50:37 UTC,Central Time (US & Canada),3217,david_toledo,"",2011-10-21 21:27:25 UTC,2020-07-18 07:01:52 UTC,needs_id,,http://www.inaturalist.org/observations/36577,https://static.inaturalist.org/photos/61477/medium.jpg,,"","",2,0,false,,"6175 Burt Rd, Bryan, TX  77807, , United States",30.6697292328,-96.4659347534,3959,,,,3959,,open,false,,,,Brazos,Texas,United States,Texas,Brazos,Prickly pears,Opuntia,Prickly Pears,Plantae,47902,Plantae,Tracheophyta,Angiospermae,,Magnoliopsida,,,Caryophyllales,,,Cactaceae,Opuntioideae,,Opuntieae,,Opuntia,,,,,,
37571,"December 29, 2010 14:12",2010-12-29,2010-12-29 20:12:00 UTC,Central Time (US & Canada),2670,atxnaturalist,Kari Gaukler,2011-10-30 14:58:06 UTC,2020-05-20 20:38:58 UTC,research,,http://www.inaturalist.org/observations/37571,https://static.inaturalist.org/photos/62965/medium.jpg,,"",or Opuntia spinosior?,4,0,false,,"Chiricahua National Monument, AZ",32.0077878,-109.3612982,,,,,,,open,false,,,,Cochise,Arizona,United States,Arizona,Cochise,walkingstick cactus,Cylindropuntia imbricata spinosior,walkingstick cactus,Plantae,1039188,Plantae,Tracheophyta,Angiospermae,,Magnoliopsida,,,Caryophyllales,,,Cactaceae,Opuntioideae,,Cylindropuntieae,,Cylindropuntia,,Cylindropuntia imbricata,,Cylindropuntia imbricata spinosior,,
37607,"October 03, 2011 17:13",2011-10-03,2011-10-04 00:13:00 UTC,Pacific Time (US & Canada),1850,bbunny,Rebecca Marschall,2011-10-31 00:00:25 UTC,2023-03-02 21:37:02 UTC,research,CC-BY-NC,http://www.inaturalist.org/observations/37607,https://inaturalist-open-data.s3.amazonaws.com/photos/63027/medium.jpg,,"","",6,0,false,,"Arizona, United States",33.614877,-113.646348,,,,,,,open,false,,,,La Paz,Arizona,United States,Arizona,La Paz,Saguaro Cactus,Carnegiea gigantea,saguaro,Plantae,54449,Plantae,Tracheophyta,Angiospermae,,Magnoliopsida,,,Caryophyllales,,,Cactaceae,Cactoideae,,Pachycereae,,Carnegiea,,Carnegiea gigantea,,,,
37611,"October 02, 2011 18:03",2011-10-02,2011-10-03 01:03:00 UTC,Pacific Time (US & Canada),1850,bbunny,Rebecca Marschall,2011-10-31 00:10:24 UTC,2018-06-07 20:16:30 UTC,research,CC-BY-NC,http://www.inaturalist.org/observations/37611,https://inaturalist-open-data.s3.amazonaws.com/photos/63031/medium.jpg,,"","",2,0,false,,"Sedona, Arizona, United States",34.832233,-111.766392,,,,,,,,false,,,,Coconino,Arizona,United States,Arizona,Coconino,Whipple Cholla,Cylindropuntia whipplei,Whipple Cholla,Plantae,472472,Plantae,Tracheophyta,Angiospermae,,Magnoliopsida,,,Caryophyllales,,,Cactaceae,Opuntioideae,,Cylindropuntieae,,Cylindropuntia,,Cylindropuntia whipplei,,,,
37784,2010-04-03,2010-04-03,,Pacific Time (US & Canada),3161,greenrosettas,Chris Cook,2011-11-01 15:38:51 UTC,2021-08-19 21:44:22 UTC,research,CC-BY-NC,http://www.inaturalist.org/observations/37784,https://inaturalist-open-data.s3.amazonaws.com/photos/63223/medium.JPG,,"branched pencil cholla, cholla, pencil cholla",Branched pencil cholla.,2,0,false,,"Joshua Tree National Park, CA",34.054934998,-116.0293579102,,,,,,,open,false,,,,San Bernardino,California,United States,California,San Bernardino,pencil cholla,Cylindropuntia ramosissima,Branched Pencil Cholla,Plantae,68416,Plantae,Tracheophyta,Angiospermae,,Magnoliopsida,,,Caryophyllales,,,Cactaceae,Opuntioideae,,Cylindropuntieae,,Cylindropuntia,,Cylindropuntia ramosissima,,,,
40675,2008-01-03,2008-01-03,,Central Time (US & Canada),3828,hoffman_char,,2011-12-01 02:34:10 UTC,2020-05-29 16:52:12 UTC,research,,http://www.inaturalist.org/observations/40675,https://static.inaturalist.org/photos/67489/medium.jpg,,"","",2,0,false,,"Bonaire, Netherland Antilles",12.2554697359,-68.3493804932,,,,,,,open,false,,,,,Bonaire,"Bonaire, Sint Eustatius and Saba",Bonaire,,Opuntia caracassana,Opuntia caracassana,,Plantae,441413,Plantae,Tracheophyta,Angiospermae,,Magnoliopsida,,,Caryophyllales,,,Cactaceae,Opuntioideae,,Opuntieae,,Opuntia,,Opuntia caracassana,,,,
40878,2004-03-06 2:10pm,2004-03-06,2004-03-06 22:10:00 UTC,Pacific Time (US & Canada),2991,sea-kangaroo,"",2011-12-02 22:34:29 UTC,2023-09-17 20:45:58 UTC,research,CC-BY,http://www.inaturalist.org/observations/40878,https://inaturalist-open-data.s3.amazonaws.com/photos/2883962/medium.JPG,,"flower, pink","",6,0,false,,"Anza-Borrego Desert State Park, California, USA",32.9977223724,-116.1268615723,,,,,,,open,false,,,,San Diego,California,United States,California,San Diego,beavertail cactus,Opuntia basilaris,Beavertail Pricklypear,Plantae,57872,Plantae,Tracheophyta,Angiospermae,,Magnoliopsida,,,Caryophyllales,,,Cactaceae,Opuntioideae,,Opuntieae,,Opuntia,,Opuntia basilaris,,,,
40879,2004-03-06 2:27pm,2004-03-06,2004-03-06 22:27:00 UTC,Pacific Time (US & Canada),2991,sea-kangaroo,"",2011-12-02 22:38:46 UTC,2021-05-28 20:15:43 UTC,research,CC-BY,http://www.inaturalist.org/observations/40879,https://inaturalist-open-data.s3.amazonaws.com/photos/2883993/medium.JPG,,"","Educated guess as I didn't key it out at the time (no flowers, anyway).",2,0,false,,"Anza-Borrego Desert State Park, California, USA",32.9977223724,-116.1268615723,,,,,,,open,false,,,,San Diego,California,United States,California,San Diego,silver or golden cholla,Cylindropuntia echinocarpa,Silver Cholla,Plantae,49357,Plantae,Tracheophyta,Angiospermae,,Magnoliopsida,,,Caryophyllales,,,Cactaceae,Opuntioideae,,Cylindropuntieae,,Cylindropuntia,,Cylindropuntia echinocarpa,,,,
40881,2004-03-06 2:25pm,2004-03-06,2004-03-06 22:25:00 UTC,Pacific Time (US & Canada),2991,sea-kangaroo,"",2011-12-02 22:40:39 UTC,2022-06-28 08:17:36 UTC,research,CC-BY,http://www.inaturalist.org/observations/40881,https://inaturalist-open-data.s3.amazonaws.com/photos/2883984/medium.JPG,,"",Elephant Trees area.,9,0,false,,"Anza-Borrego Desert State Park, California, USA",32.9977223724,-116.1268615723,,,,,,,open,false,,,,San Diego,California,United States,California,San Diego,California barrel cactus,Ferocactus cylindraceus,California Barrel Cactus,Plantae,54453,Plantae,Tracheophyta,Angiospermae,,Magnoliopsida,,,Caryophyllales,,,Cactaceae,Cactoideae,,Cacteae,,Ferocactus,,Ferocactus cylindraceus,,,,
40882,2004-03-06 2:28pm,2004-03-06,2004-03-06 22:28:00 UTC,Pacific Time (US & Canada),2991,sea-kangaroo,"",2011-12-02 22:41:43 UTC,2022-01-19 07:27:32 UTC,research,CC-BY,http://www.inaturalist.org/observations/40882,https://inaturalist-open-data.s3.amazonaws.com/photos/2883982/medium.JPG,,"flower, red","",4,0,false,,"Anza-Borrego Desert State Park, California, USA",32.9977223724,-116.1268615723,,,,,,,open,false,,,,San Diego,California,United States,California,San Diego,Mammillaria dioica dioica,Mammillaria dioica dioica,,Plantae,314322,Plantae,Tracheophyta,Angiospermae,,Magnoliopsida,,,Caryophyllales,,,Cactaceae,Cactoideae,,Cacteae,,Mammillaria,,Mammillaria dioica,,Mammillaria dioica dioica,,
40883,2004-03-06 2:35pm,2004-03-06,2004-03-06 22:35:00 UTC,Pacific Time (US & Canada),2991,sea-kangaroo,"",2011-12-02 22:42:30 UTC,2021-08-22 00:12:01 UTC,research,CC-BY,http://www.inaturalist.org/observations/40883,https://inaturalist-open-data.s3.amazonaws.com/photos/2883970/medium.JPG,,"flower, red",Elephant Trees area.,6,0,false,,"California, US",32.835590627,-116.058472138,,,,,29039,,obscured,true,,,,San Diego,California,United States,California,San Diego,Common Fishhook Cactus,Mammillaria tetrancistra,Common Fishhook Cactus,Plantae,77956,Plantae,Tracheophyta,Angiospermae,,Magnoliopsida,,,Caryophyllales,,,Cactaceae,Cactoideae,,Cacteae,,Mammillaria,,Mammillaria tetrancistra,,,,
40884,2004-03-06 2:29pm,2004-03-06,2004-03-06 22:29:00 UTC,Pacific Time (US & Canada),2991,sea-kangaroo,"",2011-12-02 22:45:41 UTC,2022-01-19 07:27:32 UTC,research,CC-BY,http://www.inaturalist.org/observations/40884,https://inaturalist-open-data.s3.amazonaws.com/photos/2883976/medium.JPG,,"flower, red, yellow",Elephant Trees area.,4,0,false,,"Anza-Borrego Desert State Park, California, USA",32.9977223724,-116.1268615723,,,,,,,open,false,,,,San Diego,California,United States,California,San Diego,Mammillaria dioica dioica,Mammillaria dioica dioica,,Plantae,314322,Plantae,Tracheophyta,Angiospermae,,Magnoliopsida,,,Caryophyllales,,,Cactaceae,Cactoideae,,Cacteae,,Mammillaria,,Mammillaria dioica,,Mammillaria dioica dioica,,
40885,2004-03-06 2:30pm,2004-03-06,2004-03-06 22:30:00 UTC,Pacific Time (US & Canada),2991,sea-kangaroo,"",2011-12-02 22:50:22 UTC,2021-05-28 20:15:36 UTC,research,CC-BY,http://www.inaturalist.org/observations/40885,https://inaturalist-open-data.s3.amazonaws.com/photos/2883990/medium.JPG,,"","Large.

Elephant Trees area.",2,0,false,,"Anza-Borrego Desert State Park, California, USA",32.9977223724,-116.1268615723,,,,,,,open,false,,,,San Diego,California,United States,California,San Diego,silver cholla,Cylindropuntia echinocarpa,Silver Cholla,Plantae,49357,Plantae,Tracheophyta,Angiospermae,,Magnoliopsida,,,Caryophyllales,,,Cactaceae,Opuntioideae,,Cylindropuntieae,,Cylindropuntia,,Cylindropuntia echinocarpa,,,,
40887,2004-03-06 3:22pm,2004-03-06,2004-03-06 23:22:00 UTC,Pacific Time (US & Canada),2991,sea-kangaroo,"",2011-12-02 22:55:19 UTC,2022-01-27 01:31:34 UTC,research,CC-BY,http://www.inaturalist.org/observations/40887,https://inaturalist-open-data.s3.amazonaws.com/photos/2884000/medium.JPG,,dead,"Heard it had been an unusually frosty year, which the jumping cholla didn't take kindly to.",4,0,false,,"Anza-Borrego Desert State Park, California, USA",33.1053718,-116.3721711,,,,,,,open,false,,,,San Diego,California,United States,California,San Diego,teddy bear cholla,Cylindropuntia bigelovii,Teddybear Cholla,Plantae,49351,Plantae,Tracheophyta,Angiospermae,,Magnoliopsida,,,Caryophyllales,,,Cactaceae,Opuntioideae,,Cylindropuntieae,,Cylindropuntia,,Cylindropuntia bigelovii,,,,
41713,"March 29, 2003 11:34",2003-03-29,2003-03-29 19:34:00 UTC,Pacific Time (US & Canada),3773,anita363,Anita,2011-12-09 05:08:37 UTC,2023-09-17 20:45:54 UTC,research,CC-BY-NC-SA,http://www.inaturalist.org/observations/41713,https://inaturalist-open-data.s3.amazonaws.com/photos/69181/medium.jpg,,"","Note how these are the same color as the <a href=""http://www.flickr.com/photos/anitagould/8856431/"">Engelmann's Hedgehog cactus</a> that grows in the same area, even though they are not closely related.  They have evolved the same colors because they are trying to attract the same pollinators.

Geotag is ballpark -- lower bajada area.",2,0,false,,"Borrego Palm Canyon, Anza-Borrego Desert State Park, Borrego Springs, California, United States",33.271273,-116.419394,,,,,,,open,false,,,,San Diego,California,United States,California,San Diego,beavertail cactus,Opuntia basilaris basilaris,beavertail cactus,Plantae,81156,Plantae,Tracheophyta,Angiospermae,,Magnoliopsida,,,Caryophyllales,,,Cactaceae,Opuntioideae,,Opuntieae,,Opuntia,,Opuntia basilaris,,,Opuntia basilaris basilaris,
41719,"March 28, 2003 18:20",2003-03-28,2003-03-29 02:20:00 UTC,Pacific Time (US & Canada),3773,anita363,Anita,2011-12-09 05:08:39 UTC,2022-01-27 01:31:30 UTC,research,CC-BY-NC-SA,http://www.inaturalist.org/observations/41719,https://inaturalist-open-data.s3.amazonaws.com/photos/69186/medium.jpg,,"",Cuddly.  Not!,4,0,false,,"Culp Valley, Anza-Borrego Desert State Park, California, United States",33.359172,-116.393966,,,,,,,open,false,,,,San Diego,California,United States,California,San Diego,teddy-bear cholla,Cylindropuntia bigelovii,Teddybear Cholla,Plantae,49351,Plantae,Tracheophyta,Angiospermae,,Magnoliopsida,,,Caryophyllales,,,Cactaceae,Opuntioideae,,Cylindropuntieae,,Cylindropuntia,,Cylindropuntia bigelovii,,,,
41726,"March 28, 2003 16:12",2003-03-28,2003-03-29 00:12:00 UTC,Pacific Time (US & Canada),3773,anita363,Anita,2011-12-09 05:08:43 UTC,2021-04-14 10:58:50 UTC,research,CC-BY-NC-SA,http://www.inaturalist.org/observations/41726,https://inaturalist-open-data.s3.amazonaws.com/photos/69194/medium.jpg,,"","Closeup <a href=""http://www.flickr.com/photos/anitagould/8856431/"">here</a>.  Found this guy on the Culp Valley Lookout trail, a short hike to a scenic overlook of the Anza-Borrego plain.",4,0,false,,"Culp Valley, Anza-Borrego Desert State Park, Hellhole Palms, California, United States",33.223538,-116.449069,,,,,,,open,false,,,,San Diego,California,United States,California,San Diego,Echinocereus engelmannii engelmannii,Echinocereus engelmannii engelmannii,,Plantae,181747,Plantae,Tracheophyta,Angiospermae,,Magnoliopsida,,,Caryophyllales,,,Cactaceae,Cactoideae,,Pachycereae,,Echinocereus,,Echinocereus engelmannii,,Echinocereus engelmannii engelmannii,,
41728,"March 29, 2003 16:11",2003-03-29,2003-03-30 00:11:00 UTC,Pacific Time (US & Canada),3773,anita363,Anita,2011-12-09 05:08:44 UTC,2022-06-28 08:17:36 UTC,research,CC-BY-NC-SA,http://www.inaturalist.org/observations/41728,https://inaturalist-open-data.s3.amazonaws.com/photos/69197/medium.jpg,,"","Closeup <a href=""http://www.flickr.com/photos/anitagould/8855574/"">here</a>",8,0,false,,"Plum Canyon, Anza-Borrego Desert State Park, California, United States",33.120264,-116.423578,,,,,,,open,false,,,,San Diego,California,United States,California,San Diego,California barrel cactus,Ferocactus cylindraceus,California Barrel Cactus,Plantae,54453,Plantae,Tracheophyta,Angiospermae,,Magnoliopsida,,,Caryophyllales,,,Cactaceae,Cactoideae,,Cacteae,,Ferocactus,,Ferocactus cylindraceus,,,,
41740,"March 29, 2003 11:05",2003-03-29,2003-03-29 19:05:00 UTC,Pacific Time (US & Canada),3773,anita363,Anita,2011-12-09 05:08:49 UTC,2021-01-14 05:15:03 UTC,research,CC-BY-NC-SA,http://www.inaturalist.org/observations/41740,https://inaturalist-open-data.s3.amazonaws.com/photos/69209/medium.jpg,,"","Prickly.  Cropped closeup of flower <a href=""http://www.flickr.com/photos/anitagould/8911221/"">here</a>.",1,0,false,,"Borrego Palm Canyon, Anza-Borrego Desert State Park, California, United States",33.359172,-116.393966,,,,,,,open,false,,,,San Diego,California,United States,California,San Diego,Cylindropuntia ganderi ganderi,Cylindropuntia ganderi ganderi,,Plantae,314258,Plantae,Tracheophyta,Angiospermae,,Magnoliopsida,,,Caryophyllales,,,Cactaceae,Opuntioideae,,Cylindropuntieae,,Cylindropuntia,,Cylindropuntia ganderi,,Cylindropuntia ganderi ganderi,,
42358,2011-07-31,2011-07-31,,Eastern Time (US & Canada),2060,mikeygraz,Michael Graziano,2011-12-13 00:20:32 UTC,2021-12-01 06:02:43 UTC,research,,http://www.inaturalist.org/observations/42358,https://static.inaturalist.org/photos/69787/medium.JPG,,"","",2,0,false,,"Ohio, US",41.4938991523,-83.8546800714,,,,,27785,obscured,obscured,true,,,,Lucas,Ohio,United States,Ohio,Lucas,Prickly Pear,Opuntia humifusa,low pricklypear,Plantae,47894,Plantae,Tracheophyta,Angiospermae,,Magnoliopsida,,,Caryophyllales,,,Cactaceae,Opuntioideae,,Opuntieae,,Opuntia,,Opuntia humifusa,,,,
10789171,2011-08-04,2011-08-04,,Africa/Johannesburg,687366,andrewdeacon,Andrew Deacon,2011-08-17 13:48:47 UTC,2018-04-12 00:37:33 UTC,research,CC0,https://www.inaturalist.org/observations/10789171,https://inaturalist-open-data.s3.amazonaws.com/photos/15097748/medium.jpg,,Alien,<h3>Queen-of-the-night</h3><br>Invasive alien,2,0,false,,"Flag Boshielo Dam, Ngwaritsi: Flag Boshielo Dam, widespread.",-24.84727,29.43808,1,,,,1,,open,false,,,,Nebo,,South Africa,Limpopo,Sekhukhune,Cereus jamacaru,Cereus jamacaru,Queen-of-the-night,Plantae,418237,Plantae,Tracheophyta,Angiospermae,,Magnoliopsida,,,Caryophyllales,,,Cactaceae,Cactoideae,,Cereeae,,Cereus,,Cereus jamacaru,,,,
